ML-Dataset#1/036.JPG,1728,2600
ML-Dataset#1/037.JPG,1763,2423
ML-Dataset#1/038.JPG,1794,2298
ML-Dataset#1/039.JPG,2356,1927
ML-Dataset#1/040.JPG,2405,1966
ML-Dataset#1/041.JPG,2416,2029
ML-Dataset#1/042.JPG,2428,2435
ML-Dataset#1/049.JPG,2820,541
ML-Dataset#1/050.JPG,2882,1130
ML-Dataset#1/052.JPG,2997,2344
ML-Dataset#1/053.JPG,3051,2963
ML-Dataset#1/059.JPG,2301,503
ML-Dataset#1/060.JPG,2362,1074
ML-Dataset#1/061.JPG,2416,1653
ML-Dataset#1/062.JPG,2480,2252
ML-Dataset#1/063.JPG,2542,2862
ML-Dataset#1/068.JPG,2612,330
ML-Dataset#1/069.JPG,2668,894
ML-Dataset#1/070.JPG,2728,1476
ML-Dataset#1/071.JPG,2781,2058
ML-Dataset#1/072.JPG,2834,2653
ML-Dataset#1/075.JPG,2278,9
ML-Dataset#1/076.JPG,2332,629
ML-Dataset#1/077.JPG,2388,1158
ML-Dataset#1/078.JPG,2452,1758
ML-Dataset#1/079.JPG,2515,2377
ML-Dataset#1/080.JPG,2284,285
ML-Dataset#1/081.JPG,2345,883
ML-Dataset#1/082.JPG,2409,1442
ML-Dataset#1/083.JPG,2458,2061,2334,571
ML-Dataset#1/084.JPG,2527,2699,2414,1204
ML-Dataset#1/085.JPG,2472,1822,2309,160
ML-Dataset#1/086.JPG,2527,2444,2360,778,2287,122
ML-Dataset#1/087.JPG,2344,734,2411,1404
ML-Dataset#1/088.JPG,2474,2082,2405,1414
ML-Dataset#1/089.JPG,2528,2637,2455,1974
ML-Dataset#1/090.JPG,2514,2599
ML-Dataset#1/093.JPG,2334,590
ML-Dataset#1/094.JPG,2381,1162
ML-Dataset#1/095.JPG,2435,1807
ML-Dataset#1/096.JPG,2483,2370
ML-Dataset#1/097.JPG,2541,2931
ML-Dataset#1/104.JPG,2611,22
ML-Dataset#1/105.JPG,2676,605
ML-Dataset#1/106.JPG,2734,1204
ML-Dataset#1/107.JPG,2784,1793,2737,512
ML-Dataset#1/108.JPG,2820,2423,2770,1105
ML-Dataset#1/109.JPG,2808,1702
ML-Dataset#1/110.JPG,2855,2322
ML-Dataset#1/111.JPG,2899,2957
ML-Dataset#1/113.JPG,2364,518
ML-Dataset#1/114.JPG,2398,1040
ML-Dataset#1/115.JPG,2438,1611
ML-Dataset#1/116.JPG,2637,278,2482,2176
ML-Dataset#1/117.JPG,2682,856,2527,2800
ML-Dataset#1/118.JPG,2729,1355
ML-Dataset#1/119.JPG,2775,1900
ML-Dataset#1/120.JPG,2611,513,2830,2514
ML-Dataset#1/121.JPG,2653,1012
ML-Dataset#1/122.JPG,2591,324,2703,1568
ML-Dataset#1/123.JPG,2751,2120,2648,852
ML-Dataset#1/124.JPG,2806,2684,2698,1408,2581,80
ML-Dataset#1/125.JPG,2752,1965,2631,622
ML-Dataset#1/126.JPG,2687,1190,2798,2544
ML-Dataset#1/127.JPG,2730,1746
ML-Dataset#1/128.JPG,2336,367,2785,2327
ML-Dataset#1/129.JPG,2829,2911,2384,947
ML-Dataset#1/130.JPG,2425,1534
ML-Dataset#1/131.JPG,2477,2132
ML-Dataset#1/132.JPG,2738,246,2536,2736
ML-Dataset#1/133.JPG,2759,677
ML-Dataset#1/134.JPG,2793,1304
ML-Dataset#1/135.JPG,2842,1908
ML-Dataset#1/136.JPG,2881,2532
ML-Dataset#1/140.JPG,2316,360
ML-Dataset#1/141.JPG,2382,694
ML-Dataset#1/142.JPG,2478,1314
ML-Dataset#1/143.JPG,2514,1935
ML-Dataset#1/144.JPG,2370,132,2544,2574
ML-Dataset#1/145.JPG,2404,753
ML-Dataset#1/146.JPG,2423,1350
ML-Dataset#1/147.JPG,2455,1941
ML-Dataset#1/148.JPG,2491,2550
ML-Dataset#1/154.JPG,2689,372
ML-Dataset#1/155.JPG,2726,906
ML-Dataset#1/156.JPG,2770,1495
ML-Dataset#1/157.JPG,2824,2149
ML-Dataset#1/158.JPG,2869,2709
ML-Dataset#1/184.JPG,2417,1435
ML-Dataset#1/185.JPG,2416,2012
ML-Dataset#1/186.JPG,2417,2598
ML-Dataset#1/192.JPG,2712,413
ML-Dataset#1/193.JPG,2739,986
ML-Dataset#1/194.JPG,2763,1563
ML-Dataset#1/195.JPG,2789,2157
ML-Dataset#1/196.JPG,2808,2727,2672,391
ML-Dataset#1/197.JPG,2699,1039
ML-Dataset#1/198.JPG,2720,1592
ML-Dataset#1/199.JPG,2743,2179
ML-Dataset#1/200.JPG,2792,2590
ML-Dataset#1/204.JPG,2406,227
ML-Dataset#1/205.JPG,2411,825
ML-Dataset#1/206.JPG,2412,1418
ML-Dataset#1/207.JPG,2411,2018
ML-Dataset#1/208.JPG,2399,2579,2660,183
ML-Dataset#1/209.JPG,2690,650
ML-Dataset#1/210.JPG,2705,1243
ML-Dataset#1/211.JPG,2709,1827
ML-Dataset#1/212.JPG,2714,2408,2389,465
ML-Dataset#1/213.JPG,2396,1020,2723,2977
ML-Dataset#1/214.JPG,2408,1576
ML-Dataset#1/215.JPG,2421,2135
ML-Dataset#1/216.JPG,2433,2680,2383,1354,2332,122
ML-Dataset#1/217.JPG,2402,1914,2360,666
ML-Dataset#1/218.JPG,2383,1206,2408,2458
ML-Dataset#1/219.JPG,2389,1760
ML-Dataset#1/220.JPG,2292,334,2404,2307
ML-Dataset#1/221.JPG,2308,879,2541,1588
ML-Dataset#1/222.JPG,2326,1416
ML-Dataset#1/223.JPG,2606,107,2354,2007
ML-Dataset#1/224.JPG,2395,2551,2628,660
ML-Dataset#1/225.JPG,2644,1184
ML-Dataset#1/226.JPG,2669,1733
ML-Dataset#1/227.JPG,2693,2292
ML-Dataset#1/228.JPG,2665,1046
ML-Dataset#1/229.JPG,2690,1624
ML-Dataset#1/230.JPG,2341,523
ML-Dataset#1/231.JPG,2366,1113,2730,2816
ML-Dataset#1/232.JPG,2394,444,2384,1710
ML-Dataset#1/233.JPG,2408,2241,2415,984
ML-Dataset#1/234.JPG,2425,2812,2435,1564
ML-Dataset#1/235.JPG,2461,2164
ML-Dataset#1/236.JPG,2487,2749
ML-Dataset#1/243.JPG,2654,26
ML-Dataset#1/244.JPG,2687,515
ML-Dataset#1/245.JPG,2720,1117
ML-Dataset#1/246.JPG,2738,1719
ML-Dataset#1/247.JPG,2742,2339
ML-Dataset#1/248.JPG,2745,2962
ML-Dataset#1/250.JPG,2759,332
ML-Dataset#1/251.JPG,2744,298,2759,935
ML-Dataset#1/252.JPG,2759,886,2768,1529
ML-Dataset#1/253.JPG,2766,1549,2782,2206
ML-Dataset#1/254.JPG,2788,2785,2773,2121,2742,497
ML-Dataset#1/255.JPG,2755,1100,2785,2753
ML-Dataset#1/256.JPG,2771,272,2768,1705
ML-Dataset#1/257.JPG,2778,873,2779,2321
ML-Dataset#1/258.JPG,2780,1475,2777,2936
ML-Dataset#1/260.JPG,2788,2621
ML-Dataset#1/261.JPG,2752,554
ML-Dataset#1/262.JPG,2760,1131
ML-Dataset#1/263.JPG,2774,1722
ML-Dataset#1/264.JPG,2792,2303
ML-Dataset#1/265.JPG,2809,2937
ML-Dataset#1/268.JPG,2377,257
ML-Dataset#1/269.JPG,2394,821
ML-Dataset#1/270.JPG,2403,1398
ML-Dataset#1/271.JPG,2408,1973
ML-Dataset#1/272.JPG,2415,2551
ML-Dataset#1/277.JPG,2705,84
ML-Dataset#1/278.JPG,2720,672
ML-Dataset#1/279.JPG,2737,1265
ML-Dataset#1/280.JPG,2746,1850
ML-Dataset#1/281.JPG,2756,2427
ML-Dataset#1/288.JPG,2261,566
ML-Dataset#1/289.JPG,2269,1108
ML-Dataset#1/290.JPG,2275,1707
ML-Dataset#1/291.JPG,2286,2306
ML-Dataset#1/292.JPG,2286,2898
ML-Dataset#1/298.JPG,2779,534
ML-Dataset#1/299.JPG,2787,1005
ML-Dataset#1/300.JPG,2813,1128
ML-Dataset#1/301.JPG,2811,1202
ML-Dataset#1/302.JPG,2816,1247
ML-Dataset#1/304.JPG,2070,2757
ML-Dataset#1/305.JPG,2311,351
ML-Dataset#1/306.JPG,2282,940
ML-Dataset#1/307.JPG,1736,1387
ML-Dataset#1/308.JPG,1774,2078
ML-Dataset#1/309.JPG,1806,2726
ML-Dataset#1/310.JPG,1888,2887
ML-Dataset#1/311.JPG,2611,107
ML-Dataset#1/312.JPG,2363,75
ML-Dataset#1/313.JPG,2325,108
ML-Dataset#1/314.JPG,2302,415
ML-Dataset#1/315.JPG,2277,989
ML-Dataset#1/316.JPG,2267,1590
ML-Dataset#1/317.JPG,2266,2196
ML-Dataset#1/318.JPG,2262,2795
ML-Dataset#1/324.JPG,2720,456
ML-Dataset#1/325.JPG,2698,1047
ML-Dataset#1/326.JPG,2684,1619
ML-Dataset#1/327.JPG,2675,2205
ML-Dataset#1/328.JPG,2664,2838
ML-Dataset#1/341.JPG,2832,26
ML-Dataset#1/342.JPG,2834,667
ML-Dataset#1/343.JPG,2824,1234
ML-Dataset#1/344.JPG,2804,1735
ML-Dataset#1/345.JPG,2787,2352
ML-Dataset#1/346.JPG,2785,2939
ML-Dataset#1/352.JPG,2554,374
ML-Dataset#1/353.JPG,2545,984
ML-Dataset#1/354.JPG,2540,1588
ML-Dataset#1/355.JPG,2535,2205
ML-Dataset#1/356.JPG,2535,2825
ML-Dataset#1/361.JPG,2773,358
ML-Dataset#1/362.JPG,2778,934,2766,486
ML-Dataset#1/363.JPG,2781,1528,2772,1072
ML-Dataset#1/364.JPG,2785,1709,2794,2173
ML-Dataset#1/365.JPG,2789,2259,2797,2730
ML-Dataset#1/366.JPG,2782,2844
ML-Dataset#1/373.JPG,2557,163
ML-Dataset#1/374.JPG,2555,747
ML-Dataset#1/375.JPG,2548,1343
ML-Dataset#1/376.JPG,2545,1947
ML-Dataset#1/377.JPG,2539,2554
ML-Dataset#1/383.JPG,2817,168
ML-Dataset#1/384.JPG,2815,784
ML-Dataset#1/385.JPG,2814,1390
ML-Dataset#1/386.JPG,2814,2010
ML-Dataset#1/387.JPG,2816,2639
ML-Dataset#1/394.JPG,2508,122
ML-Dataset#1/395.JPG,2509,735
ML-Dataset#1/396.JPG,2508,1337
ML-Dataset#1/397.JPG,2504,1960
ML-Dataset#1/398.JPG,2503,2593
ML-Dataset#1/406.JPG,2772,262
ML-Dataset#1/407.JPG,2770,867
ML-Dataset#1/408.JPG,2766,1487
ML-Dataset#1/409.JPG,2757,2104
ML-Dataset#1/410.JPG,2748,2742
ML-Dataset#1/421.JPG,2417,365
ML-Dataset#1/422.JPG,2425,931
ML-Dataset#1/423.JPG,2428,1514
ML-Dataset#1/424.JPG,2432,2096
ML-Dataset#1/425.JPG,2429,2683
ML-Dataset#1/430.JPG,2678,372
ML-Dataset#1/431.JPG,2682,937
ML-Dataset#1/432.JPG,2677,1522
ML-Dataset#1/433.JPG,2669,2122
ML-Dataset#1/434.JPG,2663,2771
ML-Dataset#1/444.JPG,2482,147
ML-Dataset#1/445.JPG,2476,780
ML-Dataset#1/446.JPG,2475,1189
ML-Dataset#1/447.JPG,1743,1074
ML-Dataset#1/448.JPG,1649,1631
ML-Dataset#1/449.JPG,1646,2230
ML-Dataset#1/450.JPG,2507,2271
ML-Dataset#1/451.JPG,2771,2354
ML-Dataset#1/452.JPG,2739,2977
ML-Dataset#1/462.JPG,2421,443
ML-Dataset#1/463.JPG,2433,994
ML-Dataset#1/464.JPG,2442,1551
ML-Dataset#1/465.JPG,2453,2131
ML-Dataset#1/466.JPG,2450,2712
ML-Dataset#1/471.JPG,2635,441
ML-Dataset#1/472.JPG,2645,951
ML-Dataset#1/473.JPG,2653,1515
ML-Dataset#1/474.JPG,2668,2093
ML-Dataset#1/475.JPG,2682,2667
ML-Dataset#1/486.JPG,2401,303
ML-Dataset#1/487.JPG,2427,907
ML-Dataset#1/488.JPG,2452,1514
ML-Dataset#1/489.JPG,2479,2143
ML-Dataset#1/490.JPG,2497,2780
ML-Dataset#1/498.JPG,2650,361
ML-Dataset#1/499.JPG,2682,968
ML-Dataset#1/500.JPG,2701,1590
